,condName,__name__,MooringFile,SeaStFile|WaveHs,SeaStFile|WaveTp,SeaStFile|WaveDir,SeaStFile|WaveSeed(1),InflowFile|PropagationDir,InflowFile|FileName_BTS,InflowFile|RotorApexOffsetPos,EDFile|NacYaw,EDFile|RotSpeed,EDFile|PtfmSurge,EDFile|BlPitch(1),EDFile|BlPitch(2),EDFile|BlPitch(3),ServoFile|PCMode,HydroFile|DiffQTF,windSpeed,windShear
0,1,Run_P200_C142_L1430_clump40_1_S1,"""Moordyn_P200_C142_L1430_clump40_1.dat""",1.93014,7.44086,-84.359,1595864449,104.39,"""W:\TurbSim\workspace\15MW_fat_turbsimFiles\turbsim_increasedTI_redVel\wind_1_seed1.bts""",0 0 0,-104.39,,,,,,,0.0,9.95740910330378,0.14
1,2,Run_P200_C142_L1430_clump40_2_S1,"""Moordyn_P200_C142_L1430_clump40_2.dat""",2.86339,8.92557,-83.178,-1605671350,105.816,"""W:\TurbSim\workspace\15MW_fat_turbsimFiles\turbsim_increasedTI_redVel\wind_2_seed1.bts""",0 0 0,-105.816,,,,,,,0.0,12.75420807197407,0.14
2,3,Run_P200_C142_L1430_clump40_3_S1,"""Moordyn_P200_C142_L1430_clump40_3.dat""",1.48861,7.81407,-62.166,-658692667,104.287,"""W:\TurbSim\workspace\15MW_fat_turbsimFiles\turbsim_increasedTI_redVel\wind_3_seed1.bts""",0 0 0,-104.287,,,,,,,0.0,8.261826604267672,0.14
3,4,Run_P200_C142_L1430_clump40_4_S1,"""Moordyn_P200_C142_L1430_clump40_4.dat""",2.44239,11.2402,-45.182,-530848001,102.366,"""W:\TurbSim\workspace\15MW_fat_turbsimFiles\turbsim_increasedTI_redVel\wind_4_seed1.bts""",0 0 0,-102.366,,,,,,,0.0,11.71264148879738,0.14
4,5,Run_P200_C142_L1430_clump40_5_S1,"""Moordyn_P200_C142_L1430_clump40_5.dat""",2.00784,13.0567,-37.033,-755973746,111.13,"""W:\TurbSim\workspace\15MW_fat_turbsimFiles\turbsim_increasedTI_redVel\wind_5_seed1.bts""",0 0 0,-111.13,,,,,,,0.0,5.835128778446234,0.14
5,6,Run_P200_C142_L1430_clump40_6_S1,"""Moordyn_P200_C142_L1430_clump40_6.dat""",2.46889,11.5244,-69.19,1000205954,106.901,"""W:\TurbSim\workspace\15MW_fat_turbsimFiles\turbsim_increasedTI_redVel\wind_6_seed1.bts""",0 0 0,-106.901,,,,,,,0.0,6.837154812397419,0.14
6,7,Run_P200_C142_L1430_clump40_7_S1,"""Moordyn_P200_C142_L1430_clump40_7.dat""",1.44362,8.43307,-74.634,197780375,101.408,"""W:\TurbSim\workspace\15MW_fat_turbsimFiles\turbsim_increasedTI_redVel\wind_7_seed1.bts""",0 0 0,-101.408,,,,,,,0.0,3.958642182555308,0.14
7,8,Run_P200_C142_L1430_clump40_8_S1,"""Moordyn_P200_C142_L1430_clump40_8.dat""",1.72633,11.2183,-41.644,-1780180439,90.028,"""W:\TurbSim\workspace\15MW_fat_turbsimFiles\turbsim_increasedTI_redVel\wind_8_seed1.bts""",0 0 0,-90.028,,,,,,,0.0,3.842317949946895,0.14
8,9,Run_P200_C142_L1430_clump40_9_S1,"""Moordyn_P200_C142_L1430_clump40_9.dat""",1.28708,9.4058,-34.024,391043213,106.371,"""W:\TurbSim\workspace\15MW_fat_turbsimFiles\turbsim_increasedTI_redVel\wind_9_seed1.bts""",0 0 0,-106.371,,,,,,,0.0,6.529929461455389,0.14
9,10,Run_P200_C142_L1430_clump40_10_S1,"""Moordyn_P200_C142_L1430_clump40_10.dat""",3.52561,8.93552,-81.98,338184837,101.312,"""W:\TurbSim\workspace\15MW_fat_turbsimFiles\turbsim_increasedTI_redVel\wind_10_seed1.bts""",0 0 0,-101.312,,,,,,,0.0,19.14416600993886,0.14
10,11,Run_P200_C142_L1430_clump40_11_S1,"""Moordyn_P200_C142_L1430_clump40_11.dat""",1.53413,10.4771,-48.465,-2010800719,124.9163,"""W:\TurbSim\workspace\15MW_fat_turbsimFiles\turbsim_increasedTI_redVel\wind_11_seed1.bts""",0 0 0,-124.9163,,,,,,,0.0,3.567299647026803,0.14
11,12,Run_P200_C142_L1430_clump40_12_S1,"""Moordyn_P200_C142_L1430_clump40_12.dat""",3.82171,14.1382,-43.849,1701925287,107.621,"""W:\TurbSim\workspace\15MW_fat_turbsimFiles\turbsim_increasedTI_redVel\wind_12_seed1.bts""",0 0 0,-107.621,,,,,,,0.0,5.91894280495266,0.14
12,13,Run_P200_C142_L1430_clump40_13_S1,"""Moordyn_P200_C142_L1430_clump40_13.dat""",1.82274,7.89602,-102.844,-1283486017,107.124,"""W:\TurbSim\workspace\15MW_fat_turbsimFiles\turbsim_increasedTI_redVel\wind_13_seed1.bts""",0 0 0,-107.124,,,,,,,0.0,6.652661817411709,0.14
13,14,Run_P200_C142_L1430_clump40_14_S1,"""Moordyn_P200_C142_L1430_clump40_14.dat""",1.51646,8.71742,-73.684,-475714196,-34.877,"""W:\TurbSim\workspace\15MW_fat_turbsimFiles\turbsim_increasedTI_redVel\wind_14_seed1.bts""",0 0 0,34.877,,,,,,,0.0,3.313781901247378,0.14
14,15,Run_P200_C142_L1430_clump40_15_S1,"""Moordyn_P200_C142_L1430_clump40_15.dat""",1.82591,11.3741,-50.36,-988148698,-71.892,"""W:\TurbSim\workspace\15MW_fat_turbsimFiles\turbsim_increasedTI_redVel\wind_15_seed1.bts""",0 0 0,71.892,,,,,,,0.0,3.211466956720348,0.14
15,16,Run_P200_C142_L1430_clump40_16_S1,"""Moordyn_P200_C142_L1430_clump40_16.dat""",3.91648,12.6226,-79.281,-258822637,103.785,"""W:\TurbSim\workspace\15MW_fat_turbsimFiles\turbsim_increasedTI_redVel\wind_16_seed1.bts""",0 0 0,-103.785,,,,,,,0.0,13.2056577130996,0.14
16,17,Run_P200_C142_L1430_clump40_17_S1,"""Moordyn_P200_C142_L1430_clump40_17.dat""",1.95616,12.138,-35.66,-631205692,56.751,"""W:\TurbSim\workspace\15MW_fat_turbsimFiles\turbsim_increasedTI_redVel\wind_17_seed1.bts""",0 0 0,-56.751,0.0,0.0,90.0,90.0,90.0,0.0,0.0,2.747711504311134,0.14
17,18,Run_P200_C142_L1430_clump40_18_S1,"""Moordyn_P200_C142_L1430_clump40_18.dat""",1.47254,9.90444,-31.791,-316136197,-38.675,"""W:\TurbSim\workspace\15MW_fat_turbsimFiles\turbsim_increasedTI_redVel\wind_18_seed1.bts""",0 0 0,38.675,,,,,,,0.0,4.244730212994685,0.14
18,19,Run_P200_C142_L1430_clump40_19_S1,"""Moordyn_P200_C142_L1430_clump40_19.dat""",2.10944,11.3945,-36.703,1445739652,-71.554,"""W:\TurbSim\workspace\15MW_fat_turbsimFiles\turbsim_increasedTI_redVel\wind_19_seed1.bts""",0 0 0,71.554,,,,,,,0.0,14.83720786100482,0.14
19,20,Run_P200_C142_L1430_clump40_20_S1,"""Moordyn_P200_C142_L1430_clump40_20.dat""",2.19873,12.2841,-27.386,830288492,-56.363,"""W:\TurbSim\workspace\15MW_fat_turbsimFiles\turbsim_increasedTI_redVel\wind_20_seed1.bts""",0 0 0,56.363,,,,,,,0.0,8.20505427597826,0.14
20,21,Run_P200_C142_L1430_clump40_21_S1,"""Moordyn_P200_C142_L1430_clump40_21.dat""",2.03333,11.791,-41.857,962677613,-13.388,"""W:\TurbSim\workspace\15MW_fat_turbsimFiles\turbsim_increasedTI_redVel\wind_21_seed1.bts""",0 0 0,13.388,0.0,0.0,90.0,90.0,90.0,0.0,0.0,2.85417105768564,0.14
21,22,Run_P200_C142_L1430_clump40_22_S1,"""Moordyn_P200_C142_L1430_clump40_22.dat""",2.51442,13.4016,-36.665,339219202,143.9086,"""W:\TurbSim\workspace\15MW_fat_turbsimFiles\turbsim_increasedTI_redVel\wind_22_seed1.bts""",0 0 0,-143.9086,0.0,0.0,90.0,90.0,90.0,0.0,0.0,2.651834637215345,0.14
22,23,Run_P200_C142_L1430_clump40_23_S1,"""Moordyn_P200_C142_L1430_clump40_23.dat""",3.78376,13.6461,-44.511,825010143,101.964,"""W:\TurbSim\workspace\15MW_fat_turbsimFiles\turbsim_increasedTI_redVel\wind_23_seed1.bts""",0 0 0,-101.964,,,,,,,0.0,16.17074631956115,0.14
23,24,Run_P200_C142_L1430_clump40_24_S1,"""Moordyn_P200_C142_L1430_clump40_24.dat""",1.55293,8.99951,-67.227,-984057146,47.266,"""W:\TurbSim\workspace\15MW_fat_turbsimFiles\turbsim_increasedTI_redVel\wind_24_seed1.bts""",0 0 0,-47.266,0.0,0.0,90.0,90.0,90.0,0.0,0.0,2.40880191630866,0.14
24,25,Run_P200_C142_L1430_clump40_25_S1,"""Moordyn_P200_C142_L1430_clump40_25.dat""",1.66771,8.60238,-77.894,1574854469,-65.891,"""W:\TurbSim\workspace\15MW_fat_turbsimFiles\turbsim_increasedTI_redVel\wind_25_seed1.bts""",0 0 0,65.891,,,,,,,0.0,7.264419160783162,0.14
25,26,Run_P200_C142_L1430_clump40_26_S1,"""Moordyn_P200_C142_L1430_clump40_26.dat""",2.26585,16.6543,-39.624,-1200567512,123.7428,"""W:\TurbSim\workspace\15MW_fat_turbsimFiles\turbsim_increasedTI_redVel\wind_26_seed1.bts""",0 0 0,-123.7428,,,,,,,0.0,4.564848591604672,0.14
26,27,Run_P200_C142_L1430_clump40_27_S1,"""Moordyn_P200_C142_L1430_clump40_27.dat""",1.87114,16.3539,-39.342,-783125151,95.566,"""W:\TurbSim\workspace\15MW_fat_turbsimFiles\turbsim_increasedTI_redVel\wind_27_seed1.bts""",0 0 0,-95.566,,,,,,,0.0,4.884958946109934,0.14
27,28,Run_P200_C142_L1430_clump40_28_S1,"""Moordyn_P200_C142_L1430_clump40_28.dat""",1.9131,14.1736,-35.415,-7331188,-49.099,"""W:\TurbSim\workspace\15MW_fat_turbsimFiles\turbsim_increasedTI_redVel\wind_28_seed1.bts""",0 0 0,49.099,,,,,,,0.0,3.659134472336597,0.14
28,29,Run_P200_C142_L1430_clump40_29_S1,"""Moordyn_P200_C142_L1430_clump40_29.dat""",1.0911,15.1692,4.503,1459514201,105.604,"""W:\TurbSim\workspace\15MW_fat_turbsimFiles\turbsim_increasedTI_redVel\wind_29_seed1.bts""",0 0 0,-105.604,,,,,,,0.0,5.769498482904361,0.14
29,30,Run_P200_C142_L1430_clump40_30_S1,"""Moordyn_P200_C142_L1430_clump40_30.dat""",3.1482,11.7696,-58.804,-1720057834,64.285,"""W:\TurbSim\workspace\15MW_fat_turbsimFiles\turbsim_increasedTI_redVel\wind_30_seed1.bts""",0 0 0,-64.285,,,,,,,0.0,7.28071318197204,0.14
30,31,Run_P200_C142_L1430_clump40_31_S1,"""Moordyn_P200_C142_L1430_clump40_31.dat""",2.39867,14.5969,-42.784,1495190210,-67.902,"""W:\TurbSim\workspace\15MW_fat_turbsimFiles\turbsim_increasedTI_redVel\wind_31_seed1.bts""",0 0 0,67.902,,,,,,,0.0,11.60542410371984,0.14
31,32,Run_P200_C142_L1430_clump40_32_S1,"""Moordyn_P200_C142_L1430_clump40_32.dat""",1.38544,8.84339,-45.103,940994223,-66.686,"""W:\TurbSim\workspace\15MW_fat_turbsimFiles\turbsim_increasedTI_redVel\wind_32_seed1.bts""",0 0 0,66.686,,,,,,,0.0,7.433507108735006,0.14
32,33,Run_P200_C142_L1430_clump40_33_S1,"""Moordyn_P200_C142_L1430_clump40_33.dat""",3.28462,14.1356,-42.776,1284087652,-76.696,"""W:\TurbSim\workspace\15MW_fat_turbsimFiles\turbsim_increasedTI_redVel\wind_33_seed1.bts""",0 0 0,76.696,,,,,,,0.0,18.03599009392585,0.14
33,34,Run_P200_C142_L1430_clump40_34_S1,"""Moordyn_P200_C142_L1430_clump40_34.dat""",2.31838,12.0866,-45.189,542093070,-83.642,"""W:\TurbSim\workspace\15MW_fat_turbsimFiles\turbsim_increasedTI_redVel\wind_34_seed1.bts""",0 0 0,83.642,,,,,,,0.0,9.055996793207719,0.14
34,35,Run_P200_C142_L1430_clump40_35_S1,"""Moordyn_P200_C142_L1430_clump40_35.dat""",1.71741,9.50002,-69.203,1953955563,157.0779,"""W:\TurbSim\workspace\15MW_fat_turbsimFiles\turbsim_increasedTI_redVel\wind_35_seed1.bts""",0 0 0,-157.0779,0.0,0.0,90.0,90.0,90.0,0.0,0.0,2.491551628561291,0.14
35,36,Run_P200_C142_L1430_clump40_36_S1,"""Moordyn_P200_C142_L1430_clump40_36.dat""",1.58568,10.9534,-17.659,-72769158,-72.29,"""W:\TurbSim\workspace\15MW_fat_turbsimFiles\turbsim_increasedTI_redVel\wind_36_seed1.bts""",0 0 0,72.29,,,,,,,0.0,4.023206843310281,0.14
36,37,Run_P200_C142_L1430_clump40_37_S1,"""Moordyn_P200_C142_L1430_clump40_37.dat""",1.67672,10.1924,-31.464,-525099930,22.031,"""W:\TurbSim\workspace\15MW_fat_turbsimFiles\turbsim_increasedTI_redVel\wind_37_seed1.bts""",0 0 0,-22.031,,,,,,,0.0,3.006246239561559,0.14
37,38,Run_P200_C142_L1430_clump40_38_S1,"""Moordyn_P200_C142_L1430_clump40_38.dat""",1.73334,12.4878,-31.893,-57847365,-112.189,"""W:\TurbSim\workspace\15MW_fat_turbsimFiles\turbsim_increasedTI_redVel\wind_38_seed1.bts""",0 0 0,112.189,0.0,0.0,90.0,90.0,90.0,0.0,0.0,2.522085649956452,0.14
38,39,Run_P200_C142_L1430_clump40_39_S1,"""Moordyn_P200_C142_L1430_clump40_39.dat""",3.46844,13.1903,-13.532,1421550040,-72.046,"""W:\TurbSim\workspace\15MW_fat_turbsimFiles\turbsim_increasedTI_redVel\wind_39_seed1.bts""",0 0 0,72.046,,,,,,,0.0,14.96699873649509,0.14
39,40,Run_P200_C142_L1430_clump40_40_S1,"""Moordyn_P200_C142_L1430_clump40_40.dat""",3.47794,12.8472,-42.402,-264672063,-46.645,"""W:\TurbSim\workspace\15MW_fat_turbsimFiles\turbsim_increasedTI_redVel\wind_40_seed1.bts""",0 0 0,46.645,,,,,,,0.0,5.608964789099312,0.14
40,41,Run_P200_C142_L1430_clump40_41_S1,"""Moordyn_P200_C142_L1430_clump40_41.dat""",1.94461,8.7932,-9.174,-2116610334,-70.645,"""W:\TurbSim\workspace\15MW_fat_turbsimFiles\turbsim_increasedTI_redVel\wind_41_seed1.bts""",0 0 0,70.645,,,,,,,0.0,13.1387564621093,0.14
41,42,Run_P200_C142_L1430_clump40_42_S1,"""Moordyn_P200_C142_L1430_clump40_42.dat""",3.87168,14.4426,-40.527,1962224472,-80.746,"""W:\TurbSim\workspace\15MW_fat_turbsimFiles\turbsim_increasedTI_redVel\wind_42_seed1.bts""",0 0 0,80.746,,,,,,,0.0,3.839696393891721,0.14
42,43,Run_P200_C142_L1430_clump40_43_S1,"""Moordyn_P200_C142_L1430_clump40_43.dat""",2.87648,16.0594,-67.132,48419670,108.167,"""W:\TurbSim\workspace\15MW_fat_turbsimFiles\turbsim_increasedTI_redVel\wind_43_seed1.bts""",0 0 0,-108.167,,,,,,,0.0,9.159702299014915,0.14
43,44,Run_P200_C142_L1430_clump40_44_S1,"""Moordyn_P200_C142_L1430_clump40_44.dat""",1.43016,9.82498,-1.782,74788390,108.641,"""W:\TurbSim\workspace\15MW_fat_turbsimFiles\turbsim_increasedTI_redVel\wind_44_seed1.bts""",0 0 0,-108.641,,,,,,,0.0,4.79169147314773,0.14
44,45,Run_P200_C142_L1430_clump40_45_S1,"""Moordyn_P200_C142_L1430_clump40_45.dat""",4.36435,16.3092,-35.448,-1935151146,-69.136,"""W:\TurbSim\workspace\15MW_fat_turbsimFiles\turbsim_increasedTI_redVel\wind_45_seed1.bts""",0 0 0,69.136,,,,,,,0.0,12.97040095759923,0.14
45,46,Run_P200_C142_L1430_clump40_46_S1,"""Moordyn_P200_C142_L1430_clump40_46.dat""",3.97669,14.1594,-45.14,351372974,67.171,"""W:\TurbSim\workspace\15MW_fat_turbsimFiles\turbsim_increasedTI_redVel\wind_46_seed1.bts""",0 0 0,-67.171,,,,,,,0.0,3.536821600288076,0.14
46,47,Run_P200_C142_L1430_clump40_47_S1,"""Moordyn_P200_C142_L1430_clump40_47.dat""",1.08005,15.4185,37.781,299260074,104.657,"""W:\TurbSim\workspace\15MW_fat_turbsimFiles\turbsim_increasedTI_redVel\wind_47_seed1.bts""",0 0 0,-104.657,,,,,,,0.0,6.130103464515226,0.14
47,48,Run_P200_C142_L1430_clump40_48_S1,"""Moordyn_P200_C142_L1430_clump40_48.dat""",2.84424,11.5617,-68.609,-1644331801,7.552,"""W:\TurbSim\workspace\15MW_fat_turbsimFiles\turbsim_increasedTI_redVel\wind_48_seed1.bts""",0 0 0,-7.552,,,,,,,0.0,5.149118966814592,0.14
48,49,Run_P200_C142_L1430_clump40_49_S1,"""Moordyn_P200_C142_L1430_clump40_49.dat""",1.66869,9.42312,-67.454,-1457221445,-124.865,"""W:\TurbSim\workspace\15MW_fat_turbsimFiles\turbsim_increasedTI_redVel\wind_49_seed1.bts""",0 0 0,124.865,0.0,0.0,90.0,90.0,90.0,0.0,0.0,2.448502290793375,0.14
49,50,Run_P200_C142_L1430_clump40_50_S1,"""Moordyn_P200_C142_L1430_clump40_50.dat""",2.15534,14.0654,-41.13,-2117451310,-170.9219,"""W:\TurbSim\workspace\15MW_fat_turbsimFiles\turbsim_increasedTI_redVel\wind_50_seed1.bts""",0 0 0,170.9219,0.0,0.0,90.0,90.0,90.0,0.0,0.0,2.43245,0.14
50,51,Run_P200_C142_L1430_clump40_51_S1,"""Moordyn_P200_C142_L1430_clump40_51.dat""",3.75676,12.294,-36.182,-1157368104,-25.15,"""W:\TurbSim\workspace\15MW_fat_turbsimFiles\turbsim_increasedTI_redVel\wind_51_seed1.bts""",0 0 0,25.15,,,,,,,0.0,11.89267662879515,0.14
51,52,Run_P200_C142_L1430_clump40_52_S1,"""Moordyn_P200_C142_L1430_clump40_52.dat""",3.18089,14.6024,-43.777,673719735,20.953,"""W:\TurbSim\workspace\15MW_fat_turbsimFiles\turbsim_increasedTI_redVel\wind_52_seed1.bts""",0 0 0,-20.953,,,,,,,0.0,3.419566596553822,0.14
52,53,Run_P200_C142_L1430_clump40_53_S1,"""Moordyn_P200_C142_L1430_clump40_53.dat""",2.26617,6.99504,49.252,2099197371,-82.898,"""W:\TurbSim\workspace\15MW_fat_turbsimFiles\turbsim_increasedTI_redVel\wind_53_seed1.bts""",0 0 0,82.898,,,,,,,0.0,16.10222126438644,0.14
53,54,Run_P200_C142_L1430_clump40_54_S1,"""Moordyn_P200_C142_L1430_clump40_54.dat""",4.38979,14.2698,-25.06,161555049,-77.896,"""W:\TurbSim\workspace\15MW_fat_turbsimFiles\turbsim_increasedTI_redVel\wind_54_seed1.bts""",0 0 0,77.896,,,,,,,0.0,23.15336106139384,0.14
54,55,Run_P200_C142_L1430_clump40_55_S1,"""Moordyn_P200_C142_L1430_clump40_55.dat""",2.17819,18.4055,-41.686,1733882323,-66.614,"""W:\TurbSim\workspace\15MW_fat_turbsimFiles\turbsim_increasedTI_redVel\wind_55_seed1.bts""",0 0 0,66.614,,,,,,,0.0,6.613235744951023,0.14
55,56,Run_P200_C142_L1430_clump40_56_S1,"""Moordyn_P200_C142_L1430_clump40_56.dat""",3.27644,13.1497,-47.05,-31839175,-137.612,"""W:\TurbSim\workspace\15MW_fat_turbsimFiles\turbsim_increasedTI_redVel\wind_56_seed1.bts""",0 0 0,137.612,0.0,0.0,90.0,90.0,90.0,0.0,0.0,2.99329,0.14
56,57,Run_P200_C142_L1430_clump40_57_S1,"""Moordyn_P200_C142_L1430_clump40_57.dat""",2.47863,9.64081,-0.058,1231462963,-37.962,"""W:\TurbSim\workspace\15MW_fat_turbsimFiles\turbsim_increasedTI_redVel\wind_57_seed1.bts""",0 0 0,37.962,,,,,,,0.0,8.275252199744964,0.14
57,58,Run_P200_C142_L1430_clump40_58_S1,"""Moordyn_P200_C142_L1430_clump40_58.dat""",2.97673,10.1327,-20.94,514243165,-79.528,"""W:\TurbSim\workspace\15MW_fat_turbsimFiles\turbsim_increasedTI_redVel\wind_58_seed1.bts""",0 0 0,79.528,,,,,,,0.0,20.85210543751056,0.14
58,59,Run_P200_C142_L1430_clump40_59_S1,"""Moordyn_P200_C142_L1430_clump40_59.dat""",3.97707,12.3119,-29.26,-814872223,22.862,"""W:\TurbSim\workspace\15MW_fat_turbsimFiles\turbsim_increasedTI_redVel\wind_59_seed1.bts""",0 0 0,-22.862,,,,,,,0.0,7.145450099439312,0.14
59,60,Run_P200_C142_L1430_clump40_60_S1,"""Moordyn_P200_C142_L1430_clump40_60.dat""",2.32169,13.4428,-69.794,-925752077,-48.374,"""W:\TurbSim\workspace\15MW_fat_turbsimFiles\turbsim_increasedTI_redVel\wind_60_seed1.bts""",0 0 0,48.374,,,,,,,0.0,4.762843449198003,0.14
60,61,Run_P200_C142_L1430_clump40_61_S1,"""Moordyn_P200_C142_L1430_clump40_61.dat""",1.48825,10.6678,-19.938,-720764289,172.0211,"""W:\TurbSim\workspace\15MW_fat_turbsimFiles\turbsim_increasedTI_redVel\wind_61_seed1.bts""",0 0 0,-172.0211,0.0,0.0,90.0,90.0,90.0,0.0,0.0,2.39015,0.14
61,62,Run_P200_C142_L1430_clump40_62_S1,"""Moordyn_P200_C142_L1430_clump40_62.dat""",2.9925,7.7719,46.448,471165176,-81.02,"""W:\TurbSim\workspace\15MW_fat_turbsimFiles\turbsim_increasedTI_redVel\wind_62_seed1.bts""",0 0 0,81.02,,,,,,,0.0,21.55971780250251,0.14
62,63,Run_P200_C142_L1430_clump40_63_S1,"""Moordyn_P200_C142_L1430_clump40_63.dat""",4.10894,14.1241,-15.782,650925026,-87.921,"""W:\TurbSim\workspace\15MW_fat_turbsimFiles\turbsim_increasedTI_redVel\wind_63_seed1.bts""",0 0 0,87.921,,,,,,,0.0,8.296008044529126,0.14
63,64,Run_P200_C142_L1430_clump40_64_S1,"""Moordyn_P200_C142_L1430_clump40_64.dat""",2.89172,9.95734,-77.742,239838894,-69.955,"""W:\TurbSim\workspace\15MW_fat_turbsimFiles\turbsim_increasedTI_redVel\wind_64_seed1.bts""",0 0 0,69.955,,,,,,,0.0,14.93793282215723,0.14
64,65,Run_P200_C142_L1430_clump40_65_S1,"""Moordyn_P200_C142_L1430_clump40_65.dat""",2.13067,10.2799,11.018,-762534383,-83.185,"""W:\TurbSim\workspace\15MW_fat_turbsimFiles\turbsim_increasedTI_redVel\wind_65_seed1.bts""",0 0 0,83.185,,,,,,,0.0,10.83847736195569,0.14
65,66,Run_P200_C142_L1430_clump40_66_S1,"""Moordyn_P200_C142_L1430_clump40_66.dat""",4.49732,15.4178,-36.167,671955562,-30.538,"""W:\TurbSim\workspace\15MW_fat_turbsimFiles\turbsim_increasedTI_redVel\wind_66_seed1.bts""",0 0 0,30.538,,,,,,,0.0,4.480592119164736,0.14
66,67,Run_P200_C142_L1430_clump40_67_S1,"""Moordyn_P200_C142_L1430_clump40_67.dat""",1.3583,14.9776,6.841,-687298412,-63.869,"""W:\TurbSim\workspace\15MW_fat_turbsimFiles\turbsim_increasedTI_redVel\wind_67_seed1.bts""",0 0 0,63.869,,,,,,,0.0,6.384801057554307,0.14
67,68,Run_P200_C142_L1430_clump40_68_S1,"""Moordyn_P200_C142_L1430_clump40_68.dat""",2.45931,15.9149,-38.105,-1631118522,-114.985,"""W:\TurbSim\workspace\15MW_fat_turbsimFiles\turbsim_increasedTI_redVel\wind_68_seed1.bts""",0 0 0,114.985,,,,,,,0.0,8.425040555042122,0.14
68,69,Run_P200_C142_L1430_clump40_69_S1,"""Moordyn_P200_C142_L1430_clump40_69.dat""",5.50115,14.0924,-65.605,546890202,56.462,"""W:\TurbSim\workspace\15MW_fat_turbsimFiles\turbsim_increasedTI_redVel\wind_69_seed1.bts""",0 0 0,-56.462,,,,,,,0.0,10.28041235855122,0.14
69,70,Run_P200_C142_L1430_clump40_70_S1,"""Moordyn_P200_C142_L1430_clump40_70.dat""",2.08796,13.8382,-90.204,1911926330,104.99,"""W:\TurbSim\workspace\15MW_fat_turbsimFiles\turbsim_increasedTI_redVel\wind_70_seed1.bts""",0 0 0,-104.99,,,,,,,0.0,5.361962396471252,0.14
70,71,Run_P200_C142_L1430_clump40_71_S1,"""Moordyn_P200_C142_L1430_clump40_71.dat""",2.10415,16.8221,-35.232,1984977305,-9.396,"""W:\TurbSim\workspace\15MW_fat_turbsimFiles\turbsim_increasedTI_redVel\wind_71_seed1.bts""",0 0 0,9.396,,,,,,,0.0,3.231172857326512,0.14
71,72,Run_P200_C142_L1430_clump40_72_S1,"""Moordyn_P200_C142_L1430_clump40_72.dat""",3.27698,10.3062,20.923,-1162388875,-62.863,"""W:\TurbSim\workspace\15MW_fat_turbsimFiles\turbsim_increasedTI_redVel\wind_72_seed1.bts""",0 0 0,62.863,,,,,,,0.0,17.0184521168708,0.14
72,73,Run_P200_C142_L1430_clump40_73_S1,"""Moordyn_P200_C142_L1430_clump40_73.dat""",5.44032,15.2195,-48.059,-80208725,1.391,"""W:\TurbSim\workspace\15MW_fat_turbsimFiles\turbsim_increasedTI_redVel\wind_73_seed1.bts""",0 0 0,-1.391,,,,,,,0.0,8.134219618841893,0.14
73,74,Run_P200_C142_L1430_clump40_74_S1,"""Moordyn_P200_C142_L1430_clump40_74.dat""",0.964516,14.9206,32.119,-1089374706,-25.858,"""W:\TurbSim\workspace\15MW_fat_turbsimFiles\turbsim_increasedTI_redVel\wind_74_seed1.bts""",0 0 0,25.858,0.0,0.0,90.0,90.0,90.0,0.0,0.0,2.927550165435471,0.14
74,75,Run_P200_C142_L1430_clump40_75_S1,"""Moordyn_P200_C142_L1430_clump40_75.dat""",1.54142,5.84783,41.924,1787245881,-61.109,"""W:\TurbSim\workspace\15MW_fat_turbsimFiles\turbsim_increasedTI_redVel\wind_75_seed1.bts""",0 0 0,61.109,,,,,,,0.0,11.50389433502224,0.14
75,76,Run_P200_C142_L1430_clump40_76_S1,"""Moordyn_P200_C142_L1430_clump40_76.dat""",3.87331,10.8174,11.855,1134585708,-81.666,"""W:\TurbSim\workspace\15MW_fat_turbsimFiles\turbsim_increasedTI_redVel\wind_76_seed1.bts""",0 0 0,81.666,,,,,,,0.0,21.65814684621319,0.14
76,77,Run_P200_C142_L1430_clump40_77_S1,"""Moordyn_P200_C142_L1430_clump40_77.dat""",1.22914,14.1039,15.22,-244145809,55.149,"""W:\TurbSim\workspace\15MW_fat_turbsimFiles\turbsim_increasedTI_redVel\wind_77_seed1.bts""",0 0 0,-55.149,0.0,0.0,90.0,90.0,90.0,0.0,0.0,2.992793294774479,0.14
77,78,Run_P200_C142_L1430_clump40_78_S1,"""Moordyn_P200_C142_L1430_clump40_78.dat""",0.946219,15.0797,32.24,1469232919,134.4837,"""W:\TurbSim\workspace\15MW_fat_turbsimFiles\turbsim_increasedTI_redVel\wind_78_seed1.bts""",0 0 0,-134.4837,0.0,0.0,90.0,90.0,90.0,0.0,0.0,2.4845825973249,0.14
78,79,Run_P200_C142_L1430_clump40_79_S1,"""Moordyn_P200_C142_L1430_clump40_79.dat""",1.74247,8.61776,8.328,-1067701018,-3.284,"""W:\TurbSim\workspace\15MW_fat_turbsimFiles\turbsim_increasedTI_redVel\wind_79_seed1.bts""",0 0 0,3.284,,,,,,,0.0,4.508095751645484,0.14
79,80,Run_P200_C142_L1430_clump40_80_S1,"""Moordyn_P200_C142_L1430_clump40_80.dat""",1.04481,15.0796,42.978,-692724034,-74.99,"""W:\TurbSim\workspace\15MW_fat_turbsimFiles\turbsim_increasedTI_redVel\wind_80_seed1.bts""",0 0 0,74.99,,,,,,,0.0,5.172827182161533,0.14
80,81,Run_P200_C142_L1430_clump40_81_S1,"""Moordyn_P200_C142_L1430_clump40_81.dat""",4.1069,8.59346,55.612,-1919324310,-81.47,"""W:\TurbSim\workspace\15MW_fat_turbsimFiles\turbsim_increasedTI_redVel\wind_81_seed1.bts""",0 0 0,81.47,0.0,0.0,90.0,90.0,90.0,0.0,0.0,27.3364,0.14
81,82,Run_P200_C142_L1430_clump40_82_S1,"""Moordyn_P200_C142_L1430_clump40_82.dat""",2.4188,17.1783,-67.46,-1972776488,76.227,"""W:\TurbSim\workspace\15MW_fat_turbsimFiles\turbsim_increasedTI_redVel\wind_82_seed1.bts""",0 0 0,-76.227,,,,,,,0.0,3.255894754694369,0.14
82,83,Run_P200_C142_L1430_clump40_83_S1,"""Moordyn_P200_C142_L1430_clump40_83.dat""",1.92738,9.36299,19.721,81258635,-112.103,"""W:\TurbSim\workspace\15MW_fat_turbsimFiles\turbsim_increasedTI_redVel\wind_83_seed1.bts""",0 0 0,112.103,,,,,,,0.0,5.505840011802953,0.14
83,84,Run_P200_C142_L1430_clump40_84_S1,"""Moordyn_P200_C142_L1430_clump40_84.dat""",5.24927,11.741,5.063,1556227470,-79.019,"""W:\TurbSim\workspace\15MW_fat_turbsimFiles\turbsim_increasedTI_redVel\wind_84_seed1.bts""",0 0 0,79.019,0.0,0.0,90.0,90.0,90.0,0.0,0.0,27.8152,0.14
84,85,Run_P200_C142_L1430_clump40_85_S1,"""Moordyn_P200_C142_L1430_clump40_85.dat""",1.06876,14.3186,72.861,-1342313448,109.189,"""W:\TurbSim\workspace\15MW_fat_turbsimFiles\turbsim_increasedTI_redVel\wind_85_seed1.bts""",0 0 0,-109.189,,,,,,,0.0,6.106102764004516,0.14
85,86,Run_P200_C142_L1430_clump40_86_S1,"""Moordyn_P200_C142_L1430_clump40_86.dat""",6.87506,16.3827,-24.478,1751734723,-45.959,"""W:\TurbSim\workspace\15MW_fat_turbsimFiles\turbsim_increasedTI_redVel\wind_86_seed1.bts""",0 0 0,45.959,,,,,,,0.0,13.20688550452553,0.14
86,87,Run_P200_C142_L1430_clump40_87_S1,"""Moordyn_P200_C142_L1430_clump40_87.dat""",1.2831,14.0594,9.772,-1915699248,-149.165,"""W:\TurbSim\workspace\15MW_fat_turbsimFiles\turbsim_increasedTI_redVel\wind_87_seed1.bts""",0 0 0,149.165,0.0,0.0,90.0,90.0,90.0,0.0,0.0,2.54245,0.14
87,88,Run_P200_C142_L1430_clump40_88_S1,"""Moordyn_P200_C142_L1430_clump40_88.dat""",0.951148,14.8156,59.607,-977432654,70.397,"""W:\TurbSim\workspace\15MW_fat_turbsimFiles\turbsim_increasedTI_redVel\wind_88_seed1.bts""",0 0 0,-70.397,0.0,0.0,90.0,90.0,90.0,0.0,0.0,2.430666861548417,0.14
88,89,Run_P200_C142_L1430_clump40_89_S1,"""Moordyn_P200_C142_L1430_clump40_89.dat""",1.05267,16.5013,102.859,-742916954,108.035,"""W:\TurbSim\workspace\15MW_fat_turbsimFiles\turbsim_increasedTI_redVel\wind_89_seed1.bts""",0 0 0,-108.035,,,,,,,0.0,6.692124220721024,0.14
89,90,Run_P200_C142_L1430_clump40_90_S1,"""Moordyn_P200_C142_L1430_clump40_90.dat""",0.991538,15.5006,177.7703,-1683019962,100.918,"""W:\TurbSim\workspace\15MW_fat_turbsimFiles\turbsim_increasedTI_redVel\wind_90_seed1.bts""",0 0 0,-100.918,,,,,,,0.0,5.369028892999434,0.14
90,91,Run_P200_C142_L1430_clump40_91_S1,"""Moordyn_P200_C142_L1430_clump40_91.dat""",1.15379,16.5316,93.006,-958906959,-56.596,"""W:\TurbSim\workspace\15MW_fat_turbsimFiles\turbsim_increasedTI_redVel\wind_91_seed1.bts""",0 0 0,56.596,,,,,,,0.0,6.904809409209363,0.14
91,92,Run_P200_C142_L1430_clump40_92_S1,"""Moordyn_P200_C142_L1430_clump40_92.dat""",2.31837,17.5098,-93.573,808466711,-84.479,"""W:\TurbSim\workspace\15MW_fat_turbsimFiles\turbsim_increasedTI_redVel\wind_92_seed1.bts""",0 0 0,84.479,,,,,,,0.0,4.532673503913241,0.14
92,93,Run_P200_C142_L1430_clump40_93_S1,"""Moordyn_P200_C142_L1430_clump40_93.dat""",0.949737,14.9939,60.768,1889419440,-148.521,"""W:\TurbSim\workspace\15MW_fat_turbsimFiles\turbsim_increasedTI_redVel\wind_93_seed1.bts""",0 0 0,148.521,0.0,0.0,90.0,90.0,90.0,0.0,0.0,2.25424,0.14
93,94,Run_P200_C142_L1430_clump40_94_S1,"""Moordyn_P200_C142_L1430_clump40_94.dat""",8.70912,16.2926,-59.678,-1983706521,23.92,"""W:\TurbSim\workspace\15MW_fat_turbsimFiles\turbsim_increasedTI_redVel\wind_94_seed1.bts""",0 0 0,-23.92,,,,,,,0.0,13.88373134130041,0.14
94,95,Run_P200_C142_L1430_clump40_95_S1,"""Moordyn_P200_C142_L1430_clump40_95.dat""",2.55103,20.2362,-122.8697,-441078830,109.241,"""W:\TurbSim\workspace\15MW_fat_turbsimFiles\turbsim_increasedTI_redVel\wind_95_seed1.bts""",0 0 0,-109.241,,,,,,,0.0,8.390737234069922,0.14
95,96,Run_P200_C142_L1430_clump40_96_S1,"""Moordyn_P200_C142_L1430_clump40_96.dat""",1.08882,13.1824,-142.8677,596380577,-30.849,"""W:\TurbSim\workspace\15MW_fat_turbsimFiles\turbsim_increasedTI_redVel\wind_96_seed1.bts""",0 0 0,30.849,,,,,,,0.0,3.767939816501788,0.14
96,97,Run_P200_C142_L1430_clump40_97_S1,"""Moordyn_P200_C142_L1430_clump40_97.dat""",4.1325,17.4863,73.908,-62692639,-80.684,"""W:\TurbSim\workspace\15MW_fat_turbsimFiles\turbsim_increasedTI_redVel\wind_97_seed1.bts""",0 0 0,80.684,,,,,,,0.0,18.55550342824299,0.14
97,98,Run_P200_C142_L1430_clump40_98_S1,"""Moordyn_P200_C142_L1430_clump40_98.dat""",1.734,19.118,-176.9103,161574713,-66.256,"""W:\TurbSim\workspace\15MW_fat_turbsimFiles\turbsim_increasedTI_redVel\wind_98_seed1.bts""",0 0 0,66.256,,,,,,,0.0,8.19203201783884,0.14
98,99,Run_P200_C142_L1430_clump40_99_S1,"""Moordyn_P200_C142_L1430_clump40_99.dat""",1.00667,13.5733,-177.7179,-470288001,-111.605,"""W:\TurbSim\workspace\15MW_fat_turbsimFiles\turbsim_increasedTI_redVel\wind_99_seed1.bts""",0 0 0,111.605,,,,,,,0.0,3.227292569458494,0.14
99,100,Run_P200_C142_L1430_clump40_100_S1,"""Moordyn_P200_C142_L1430_clump40_100.dat""",4.26,17.39,155.0,2139854861,-84.028,"""W:\TurbSim\workspace\15MW_fat_turbsimFiles\turbsim_increasedTI_redVel\wind_100_seed1.bts""",0 0 0,84.028,0.0,0.0,90.0,90.0,90.0,0.0,0.0,27.962,0.14
